,time,T,CA0,CA,CB,CC
0,0.0,400,1.5,1.4743314296334893,0.0,0.0
1,0.125,400,1.5,0.590201573198357,0.7376577490781313,0.34526215417665257
2,0.25,400,1.5,0.16652824064361887,0.7227807221960584,0.5513338661083022
3,0.375,400,1.5,0.0,0.4786255065459979,0.9327465168582834
4,0.5,400,1.5,0.18354501681994345,0.33742242789049,1.1306474945728828
5,0.625,400,1.5,0.0,0.0,1.2509095151899876
6,0.75,400,1.5,0.12191350574063652,0.13389759604044868,1.4741203685452007
7,0.875,400,1.5,0.031133753604141105,0.13385360330911283,1.2938663730812592
8,1.0,400,1.5,0.0,0.0,1.591773302864039
