,time,T,CA0,CA,CB,CC
0,0.0,400,2.0,1.9561060896124334,0.08534891957875726,0.0
1,0.125,400,2.0,0.63664704577331,1.1655715997821439,0.5769901566633528
2,0.25,400,2.0,0.0,0.7587753937115211,0.8343242172440122
3,0.375,400,2.0,0.0,0.46815083411428055,1.4634635119655879
4,0.5,400,2.0,0.2514166664387509,0.3900510303559862,1.5258724587984136
5,0.625,400,2.0,0.08696248348280705,0.2507700254755133,1.701062339506485
6,0.75,400,2.0,0.025591840697570815,0.06596867384428233,1.9862500140598425
7,0.875,400,2.0,0.0,0.008293707019707636,1.9174249743232041
8,1.0,400,2.0,0.0,0.0,1.889815780739301
