,time,T,CA0,CA,CB,CC
0,0.0,250,2.0,2.0374459982152846,0.06229009691344273,0.0
1,0.125,250,2.0,1.6530472725155363,0.023639821654407034,0.0
2,0.25,250,2.0,1.297963514251931,0.5615796910169746,0.0
3,0.375,250,2.0,1.0606770112035973,0.9500076365148703,0.494011525083533
4,0.5,250,2.0,1.0617571302856939,0.9888945874926748,0.0
5,0.625,250,2.0,0.7178160395720703,1.0780764431511016,0.04383010561539313
6,0.75,250,2.0,0.5142537763853299,1.1375036875174522,0.21583710238685805
7,0.875,250,2.0,0.6234553273061183,1.3771297982613009,0.13518988047332564
8,1.0,250,2.0,0.4208308211759548,1.4361647231002157,0.45076228935647145
