,time,T,CA0,CA,CB,CC
0,0.0,250,1.5,1.6035248520792367,0.12962536817861658,0.08357346304259174
1,0.125,250,1.5,1.2213387360460095,0.256072755877938,0.0788618579947614
2,0.25,250,1.5,0.8784889888325776,0.6383311313919473,0.01602852978790348
3,0.375,250,1.5,0.8897957079076589,0.5601229988682621,0.0996981392475969
4,0.5,250,1.5,0.6779553362772226,0.8507930886650648,0.05623239807025467
5,0.625,250,1.5,0.4493356749655289,0.8360155725934024,0.08867107940012989
6,0.75,250,1.5,0.4279240882945759,0.9316930518250267,0.28763003521263497
7,0.875,250,1.5,0.4666574751165828,0.9051082852509638,0.10424279656688806
8,1.0,250,1.5,0.3869622393621086,1.0255580909089963,0.32050889352478434
