,time,T,CA0,CA,CB,CC
0,0.0,400,1.0,0.9126128217882026,0.08632769916286544,0.009164726378524151
1,0.125,400,1.0,0.4699296480857262,0.48347696781384436,0.23239413436227524
2,0.25,400,1.0,0.0,0.4468753480679878,0.5241808257981243
3,0.375,400,1.0,0.0,0.4106373727015637,0.638836055464392
4,0.5,400,1.0,0.0,0.29326298346032387,0.8045372540359653
5,0.625,400,1.0,0.0,0.02205501227018647,0.7557669984435308
6,0.75,400,1.0,0.02675178594362856,0.20037984374020246,0.8731047293938786
7,0.875,400,1.0,0.0,0.0,1.0145164507738125
8,1.0,400,1.0,0.0,0.04125157553167223,0.8354719150204809
