,time,T,CA0,CA,CB,CC
0,0.0,300,1.0,0.8347900301224074,0.15038358176683442,0.0
1,0.125,300,1.0,0.6462418661466249,0.4938060470042758,0.20615738589902835
2,0.25,300,1.0,0.35405226018493113,0.5609986971148753,0.04322238886475576
3,0.375,300,1.0,0.4377798294883082,0.640739051428011,0.0
4,0.5,300,1.0,0.22125702073654985,0.5933710888312232,0.22441508183946351
5,0.625,300,1.0,0.0038678232045557814,0.5207066027270393,0.3885723013855889
6,0.75,300,1.0,0.0,0.5570500009142131,0.2391488674749743
7,0.875,300,1.0,0.0,0.39185760790502056,0.3103812482860422
8,1.0,300,1.0,0.0,0.39774940593225944,0.3421621729452543
