,time,T,CA0,CA,CB,CC
0,0.0,350,1.0,1.0121597906411246,0.03135434242413309,0.0
1,0.125,350,1.0,0.475702174319002,0.3294502225454846,0.02474896808388921
2,0.25,350,1.0,0.17776788849975575,0.6241333149265048,0.21694806244191403
3,0.375,350,1.0,0.00400379779476516,0.4778078716241339,0.402602295471574
4,0.5,350,1.0,0.10107777222322278,0.30717596705986167,0.6785376102857711
5,0.625,350,1.0,0.0797376840894585,0.5514032545799975,0.7431830292095669
6,0.75,350,1.0,0.035312061800007975,0.32241120408032153,0.7471115906349978
7,0.875,350,1.0,0.013540580400139788,0.22378393460769433,0.7117492701597293
8,1.0,350,1.0,0.1330205201887044,0.0731993892947514,0.9393362549331712
