,time,T,CA0,CA,CB,CC
0,0.0,250,0.5,0.476266492722658,0.0,0.0
1,0.125,250,0.5,0.3323088287190929,0.1335933048599954,0.0
2,0.25,250,0.5,0.29572490446663424,0.3620157577481872,0.09265458005352603
3,0.375,250,0.5,0.39480590665194976,0.13151220738510627,0.004403531746981335
4,0.5,250,0.5,0.1679919362208075,0.27168203705577715,0.03180787185113868
5,0.625,250,0.5,0.11787158932654233,0.3131964125403002,0.00910841729905662
6,0.75,250,0.5,0.11705247207998752,0.5827220779381654,0.0
7,0.875,250,0.5,0.17537267818426477,0.2249038324363563,0.04384440388853503
8,1.0,250,0.5,0.13061913166383257,0.36028714168639586,0.19482015804592273
