,time,T,CA0,CA,CB,CC
0,0.0,350,0.5,0.7180526022181989,0.11517448857038792,0.06790958740546076
1,0.125,350,0.5,0.2576374142664409,0.3967412157904231,0.04741558642923128
2,0.25,350,0.5,0.1606339831088915,0.24895226827463593,0.13595929755011027
3,0.375,350,0.5,0.047156386983035765,0.20398233932832294,0.21862727787508734
4,0.5,350,0.5,0.04563161817402846,0.3376791142689677,0.27255788909538864
5,0.625,350,0.5,0.06943854040918786,0.16964127139529805,0.25832498504525236
6,0.75,350,0.5,0.10194222727049276,0.03184392703735925,0.48785955185841545
7,0.875,350,0.5,0.0,0.14869842422400978,0.3649635971838905
8,1.0,350,0.5,0.013070901875697892,0.05437322435470085,0.4247384514740753
