,time,T,CA0,CA,CB,CC
0,0.0,300,0.5,0.5264250286923235,0.18764134634039475,0.14691342169609897
1,0.125,300,0.5,0.35421026377272574,0.25345767927454954,0.08525745706018333
2,0.25,300,0.5,0.12633558857699156,0.28041897726702897,0.00594296792201808
3,0.375,300,0.5,0.1236657874935174,0.3292310652619074,0.2367250452393178
4,0.5,300,0.5,0.0,0.1775744684038132,0.1936226551049257
5,0.625,300,0.5,0.21542614708093205,0.2518800903328449,0.15035011841599213
6,0.75,300,0.5,0.05223103394465849,0.26197430659402465,0.11331504558671575
7,0.875,300,0.5,0.05066533714533434,0.3243581341781717,0.29870843172007167
8,1.0,300,0.5,0.02020340921631434,0.18424784066804215,0.27634731619650643
